Item,Quality Score
Count,1000.0
Mean,0.919916301
Standard Deviation,0.04822001677187475
Min,0.719196
25% Percentile,0.89880775
50% Percentile,0.9362550000000001
75% Percentile,0.954976
Max,0.983662
